{"accuracy": 0.8923444747924805, "loss": 0.33172374963760376}